Name,age,salary
Shanie Moulding,63,17354
Reg Acutt,53,52050
Benedick Mullis,62,1671
Park Oakeshott,39,43006
Felice Whitesel,93,19962
Bradney Jeffery,91,64362
Sheila Singh,61,44168
Clyde Gooderham,6,2274
Georgeanna Molen,44,40316
Abey Guly,100,49324
Rhoda Mullins,22,52215
Faustina Franzoli,37,96583
Geoffry Grierson,82,85064
Conroy Stoacley,1,57365
Abbi Oats,67,81595
Sybila Bocke,9,52378
Rorie Schirach,81,35564
Josefa Peres,88,79153
Clay Yurasov,87,37023
Margeaux Haughian,91,25419
Abbye Fante,14,22616
Kareem Easun,32,74806
Wynny Steiner,40,46422
Bernie Scading,84,54941
Josy Bustin,71,8220
Nevile Bettinson,35,25773
Lethia Hilley,88,20932
Abran Fitzpayn,94,57514
Sayre Norris,55,33742
Cindelyn Ciccarelli,49,80429
Fleurette Paliser,82,84849
Lurette Silby,30,21135
Allegra Willavoys,34,56121
Brooks Ellard,89,77684
Salmon Plet,22,74036
Alleen Collicott,94,15681
Gustav Fouracre,74,72254
Beverlee Gott,64,76339
Charlene Garnsey,16,32812
Kissee Paike,13,21394
Sigismundo Timmens,4,42900
Timmy Scholey,48,18260
Daffy Chippin,100,28344
Fae Felmingham,18,26011
Adelheid Blindermann,69,3864
Gabriela Blankhorn,6,66597
Che Hadrill,76,47516
Rayna Olivey,57,31170
Ruthie Linstead,40,90265
Obie Mark,36,78010
Bern McAvinchey,30,91782
Gabie Philo,4,97546
Maye Dumphries,76,94414
Stevy Crich,41,32740
Nikoletta Hirtz,11,29093
Maud Pencost,40,61380
Oswald Goodlad,79,33607
Edgar Annand,27,98519
Mel Barreau,61,45151
Bob Sabattier,23,1764
Joaquin Roscam,62,91435
Juieta Dickenson,66,65646
Venita Stockoe,28,29662
Kendell McAirt,3,24112
Ram Richfield,75,80189
Merla Cordey,29,61816
Prentiss Sadat,55,20004
Levey Paslow,48,97011
Thorpe Bessant,26,34831
Esteban Dimitresco,83,5109
Lorraine Goodship,63,3162
Chloe Paulton,99,63167
Retha Pettigrew,49,55708
Bamby Barthorpe,20,80345
Bengt Francisco,44,60850
Boris Sex,81,67809
Earvin Kopfer,93,8270
Chloe Zorzetti,96,39440
Jessa Easton,63,79950
Florida Kissack,47,53085
Finlay Rains,62,55116
Meghan Manzell,96,3445
Harlene Petrushka,95,85681
Allyson O'Neil,33,62654
Powell Stockman,44,17373
Carin Gorrick,14,61634
Dale Bossingham,90,63692
Piotr Lethardy,64,26574
Olympie Sandbach,66,41026
Dimitri Webley,11,78765
Rhodia McRannell,68,20916
Somerset Zecchini,14,83541
Wyatan Yantsurev,78,8838
Layla Peevor,56,85533
Lindy Ghilardi,35,33270
Derril Iveans,5,72967
Fiorenze Seth,68,5561
Nonie Crucitti,53,36728
Gerta De Leek,25,5135
Bekki Anyon,1,5132
Kennie Deddum,19,5217
Sandye Baus,77,50239
Hort Jotham,61,26145
Stesha Tidbury,91,30358
Jasen Brownhall,62,17433
Rosa Beevor,38,1187
Marieann Beceril,49,75033
Sigismond Willcock,60,82843
Harmon Trayling,60,98287
Rochette Fowley,62,6930
Sydney Arbuckle,62,34706
Eberhard Andrusyak,29,87159
Adda Hallock,45,27795
Nowell Burrett,53,67700
Eda Schimon,85,15962
Calli Harp,43,81217
Barry Murrells,81,55795
Ardath Shimuk,81,32149
Perry Simmon,26,88224
Rhona Garthshore,60,6715
Diannne Rutigliano,74,31910
Susannah Breckenridge,76,86777
Maxy Bullough,75,6891
West Trytsman,80,61613
Hadrian Goodding,74,27770
Humfrid Colliar,73,58830
Boy Butters,19,5173
Charlene Cuddehay,88,10314
Lorilee Nannetti,41,31502
Gan Kort,81,58858
Kalvin Osgodby,51,31480
Paula Eustes,36,97598
Mareah Wayte,33,6217
Jenilee Dibden,89,82991
Christy Flarity,56,52102
Shelba Howsam,7,16872
Belicia Tibb,7,28179
Rosabella Chittleburgh,72,85206
Ricardo Cristoforetti,70,53648
Luciano Worrall,5,29908
Byrom Mayzes,99,25945
Hana Wilsone,76,29147
Kendre Phillipps,82,88621
Gretta Aust,15,31054
Gordan Battleson,61,79697
Peyter Weitzel,9,17100
Andeee Halliberton,62,94742
Koo Villaron,21,27631
Nolly Danigel,97,92513
Sidonnie Eastcourt,89,62401
Pauly Gillet,21,87661
Carma Lindelof,86,95545
Gaye Dunan,7,28972
Cherise Bosden,50,3496
Lona Broose,78,63773
Winthrop Dunsford,90,42615
Jerry Soule,73,47817
Nickola Arington,56,57006
Caryl Courtes,74,73593
Alva Sentinella,66,42049
Cesare Hamley,84,12334
Breena McCraine,77,73971
Lombard Baldi,37,76317
Sophi Vasyagin,49,95259
Magda Kobieriecki,88,92227
Jammie Haysman,93,30819
Ruthe Blabey,89,41360
Dena Braghini,51,41653
Adorne Binny,85,78723
Jyoti Nitto,16,40676
Josias Retter,22,26654
Carri Penddreth,38,78092
Selene Sergeaunt,91,37928
Shayne Allans,72,95633
Ulises Addey,68,74729
Pascal Callard,22,9888
Enriqueta Phizaclea,90,68803
Sullivan Rediers,44,65963
Odessa Node,56,72292
Luciano Hayley,81,71399
Candie Ferreli,6,63808
Padraig Purser,100,10687
Guillemette Haswell,82,26521
Bea Eate,11,34302
Fania McKellen,8,22119
Kennan Lamberton,74,22172
Harley Dell,72,66644
Dimitry Bard,19,14400
Chet Kield,46,76896
Isador Betke,21,1766
Hirsch Archambault,76,84925
Toni Abdee,65,88594
Sharity Dimock,26,70404
Nappy Gebby,60,62783
Adan O'Curneen,8,33617
Quent Forber,31,81150
Seamus Castells,22,6314
Garvey Mingard,68,24976
Matt Brent,34,97421
Truman McMurty,96,19743
Erica Fardy,45,58644
Arlyne Ackenhead,94,29546
Hiram Arnowitz,79,48966
Parrnell Lismore,43,7819
Graehme Desseine,2,45493
Lennard Piwell,85,60411
Barry Danielsohn,37,84587
Courtnay De L'Isle,49,73183
Tedie Aarons,17,30166
Katie Pittle,14,97455
Terencio Kemp,18,11399
Arielle Enderlein,63,63060
Brodie Gleader,47,52699
Beverley Garthshore,26,26512
Lutero Walpole,100,4612
Garrik Paradise,5,24613
Aloysius Larkworthy,27,77236
Leone Lealle,26,10227
Josie Hassekl,11,46540
Gretel Rockcliffe,75,61875
Joanne Boni,35,4894
Holden Thundercliffe,12,52187
Chalmers Sharper,79,71322
Catriona Buttler,4,1903
Cirstoforo Ollis,85,94256
Herby Fiddiman,2,4961
Ely Taffurelli,19,54843
Diannne Towner,82,27678
Anna-diane Cardno,40,26391
Leonardo Cecely,69,7094
Salomone Burchett,8,30177
Orbadiah Marrett,28,52061
Vonnie Lampkin,96,58873
Rudolph Griston,87,87530
Gil Bramah,54,26125
Wilt Gartell,86,49437
Conn Cornau,97,22844
Lucila Callery,34,89674
Brady Bavin,88,96366
Raddy Elsdon,90,27506
Teodoor Hodgon,21,21374
Boothe Scourgie,74,48266
Mord Sissons,40,76500
Leonard Drysdall,75,95584
Katrina Abdy,11,36373
Noella Morefield,30,22126
Lethia Sturge,77,70020
Berthe Iczokvitz,8,66646
Karlene Grishin,43,51558
Georgiana Bradshaw,43,92026
Chlo Greep,53,71404
Shandie McNeil,3,74323
Manda Squire,66,85202
Frances McQuorkel,75,11387
Lammond Verdey,67,59101
Camey Jacobsson,17,92663
Gianina Hewins,35,29609
Harri Callendar,66,30420
Whittaker Bygott,19,88262
Rodi Server,10,56790
Barbara-anne Stovell,24,49650
Duane Carnalan,60,21194
Eric Taig,85,1231
Quentin Pollastrino,71,21862
Edgard Ironmonger,13,11317
Benoit Fulker,67,19623
Leeland MacGill,46,34011
Gypsy Balaisot,74,8224
Roxana Grunwald,98,23670
Laurene Duffus,70,57163
Wally Cattermole,29,44052
Fairleigh Dat,73,85773
Cristie Frost,60,54707
Vere Fawson,1,56763
Hadria Tomowicz,76,64335
Lauretta Brigdale,58,85205
Kenny Bruno,14,83105
Toni Nairn,23,26797
Roselin Griswaite,42,7777
Goldina Mc Dermid,33,65159
Clare Espina,97,13229
Gregg Edeler,1,45831
Corny Baudains,69,74331
Valentin Minards,87,84234
Angelico Scotchmur,88,6636
Hubey Hatrey,47,54208
Sande Castri,70,44538
Florina Ashborne,20,81663
Cristal McMakin,88,20190
Marlon Brinsden,54,9897
Luke Ovise,22,20955
Kathy Hovard,85,53367
Farrell Vaun,45,92979
Si Luna,95,4543
Tasia Zannelli,81,79332
Jobey Manclark,49,69673
Ximenes Aikman,39,27774
Nero Measures,70,91634
Alric Hammett,18,96229
Cynthy Kubis,87,93756
Liliane Quittonden,21,68716
Hana Rossander,59,35164
Graeme McAvey,85,88032
Star Camidge,67,5607
Isadore Butte,56,69564
Muhammad Avramovitz,79,33797
Bruno Vidyapin,96,2501
Rosalie Clute,34,37000
Moria Tregensoe,98,48497
Ardelia Checketts,87,93460
Massimo McCraine,75,11246
Balduin Gravell,41,23728
Bale Littrell,8,9564
Robena Peres,71,86766
Juliane Hurnell,83,12845
Morissa Abbets,21,75036
Carolus Simonato,73,60108
Elston Rennison,52,9436
Yvon Orchart,33,34664
Vonnie De Wolfe,78,18297
Lillis Daysh,11,12189
Katrina Fazakerley,67,5787
Tommie Rumens,42,74451
Joaquin Gummie,72,19618
Julietta Ebbotts,26,88273
Eloisa Philbrick,64,58085
Maryanne Bleazard,2,88930
Bran Tomet,41,16034
Normie Glasby,81,10235
Franzen Duggan,62,51424
Claudio Devany,54,56862
Brigham Balog,90,87200
Elwood Blakebrough,82,73330
Danila Ilson,60,24967
Demetre Mitie,77,11496
Kevin Konertz,10,14641
Germana Bowart,45,5245
Brander Parsonson,66,80015
Christine Lauchlan,84,20921
Marnia Tower,8,47449
Saunderson Calvie,95,78948
Danny Vaun,45,81051
Nonah Jachtym,8,38127
Laraine Jennrich,31,65300
Eberhard Haycox,53,58522
Donny Morse,5,48951
Cleon Carlucci,19,23514
Hewe Palomba,72,95446
Shanie Annatt,89,10241
Cami Kiellor,72,65131
Hilliard Orneles,48,64605
Ginni Glossup,8,45066
Vincenty Taysbil,41,42007
Sydney Geldert,17,90119
Kingston Rickert,31,96215
Pip Levine,98,31111
Natty Suero,53,62039
Bruno Valentinetti,35,22882
Arri Jowitt,63,65540
Ellynn Maudlin,43,22546
Davey Trude,97,44700
Merill Gabbotts,83,14474
Sollie Reuter,84,7693
Pail Siggers,22,90214
Inglis Casey,23,71756
Willi Budgeon,1,55778
Blane Skipworth,4,22738
Shandy Graalmans,44,71154
Nana Wilson,100,23601
Roxanna Kennsley,99,68961
Liliane Bodycomb,46,45267
Axe Lenglet,63,68474
Finn Brazur,27,48764
Giuseppe Coventon,12,87996
Pascal Rennebeck,74,33578
Frances Barg,76,82016
Celinda Mathieu,16,63174
Reube Carnew,39,2835
Emmalynne Duffy,72,71649
Peadar Patullo,71,16809
Max Purchall,5,62550
Jasmine Hattigan,91,69470
Marci Matz,59,89680
Ursuline Simonard,91,2837
Ranna Ronaghan,77,26679
Haroun Boyda,10,93445
Gabriell Whatley,12,6938
Brandise Gillino,45,1546
Lance Slatter,52,26998
Mace Ackred,88,23496
Conn Chazier,68,78015
Ber Everall,25,38662
Raynell Cridland,23,53117
Oralee Phillimore,43,73994
Raddy Duns,3,15773
Marie-ann Loughran,72,7539
Iormina Neachell,48,24012
Eadith Hellmer,89,83144
Dietrich Gribbins,15,3408
Kalie Bernardoni,21,70847
Bernardine Coppin,57,78399
Blaine Christophle,18,5211
Breena Helstrom,80,72657
Freemon Albin,36,82206
Nev Marcinkowski,29,18071
Marleen Milner,58,70414
Belita Bysaker,69,27145
Terencio Kealey,59,93437
Jamie Ricards,56,12262
Brocky McCombe,64,29261
Melania Kempton,82,89814
Johnnie Childs,45,57552
Shana Eydel,51,84360
Colver Pawlick,37,12356
Olenolin Swadon,99,63392
Lindon Gook,72,7102
Patience Ginger,5,32440
Luce Sedgwick,54,51113
Caddric Gosnold,66,83304
Lorens Havvock,80,21003
Margaux Ferreo,72,60806
Vivien Avramchik,85,84119
Electra Flatte,66,75592
Stanwood Saterweyte,89,71633
Galvan Doldon,46,21700
Elenore Moubray,1,50189
Royce Dumelow,31,52116
Sherri Aphale,27,95283
Leonidas Elmes,95,79108
Katee Bubbear,66,69096
Kimmie Hitschke,43,98238
Brigit Tamblingson,42,58270
Patric Bingell,21,9535
Caryl Thebeau,55,75853
Fran McAlinden,85,25886
Rosabella Ambroz,41,14971
Hailey Harvatt,5,5273
Vernice Newbold,49,38569
Odette Burress,80,23606
Vin Murfill,44,9270
Drucy Sitlington,91,79794
Adele Highnam,1,8170
Vaughn Wincer,40,88280
Merlina Wile,14,85331
Vivianna Calladine,61,93297
Merrie Glidder,44,74957
Sherye Blue,65,78710
Ingemar Hulstrom,48,19286
Edik Aird,84,21001
Ines Benitti,58,91965
Allan Shaddock,92,10377
Lorilee Craghead,97,91070
Odelinda Pullman,9,18328
Vivia Airds,69,3500
Donalt Scardafield,7,54962
Angeline Accum,78,64857
Sara Bowskill,30,98321
Vikki Pere,15,65384
Rowen Mussetti,85,9197
Roch Berkery,47,75939
Lucine Tivenan,19,91493
Kinsley McPharlain,41,58779
Berna Desantis,85,6045
Starla Richter,33,44338
Enrika Mapes,48,23918
Doe Whifen,57,53302
Jesus Warrior,70,18275
Fields Grolle,41,45937
Rriocard Moresby,57,52158
Geneva Hould,48,23487
Caro Artus,69,47509
Durant Glasspool,41,11660
Constantia Danks,71,71272
Phineas Dillway,39,96310
Rubi Folk,25,41986
Shanan Casine,75,26198
Gunar Cudiff,76,79253
Fernandina Stuckow,19,84256
Otha Dumbare,30,61737
Shurlock Docket,29,18914
Dalli Gansbuhler,36,63536
Erin Stride,3,9918
Wilek Cutmare,28,30954
Sherry Lorenzo,94,31438
Tobe Gabel,2,82521
Jordain Hovert,76,90477
Josepha Dunstone,34,93038
Brita Ranby,82,97619
Nichole Hazeldean,46,24484
Bonnibelle Gidney,20,35933
Carolynn Duny,76,67110
Rozele Berkelay,54,97407
Elfie Howselee,53,44651
Marji Broadhead,94,46807
Christan Polglaze,17,52704
Margot Horney,42,14147
Otho Caseley,96,88994
Rancell Syddall,83,16251
Bobbe Thorpe,83,71569
Euphemia Itzcovichch,23,32660
Abigail Laraway,82,41238
Efren Stearndale,42,18249
Lawrence Gooderridge,49,84578
Walton Wiltshear,5,13235
Kyrstin Zettler,9,25791
Parsifal Rowsel,62,22673
Britt Russon,70,47968
Rockwell Orgen,67,7386
Gray Janus,68,3457
Rochelle Wank,63,34580
Gaspar Goathrop,13,28040
Rowney Heakins,69,80873
Orel Stigell,45,49319
Barbabra Eager,14,28482
Wally Behr,36,3511
Terrye Purdey,79,63990
Rouvin Settle,60,4748
Darleen Santon,31,70927
Karena Hedgeman,32,67432
Glennie Laroux,36,43379
Alvin Budcock,89,90642
Marlo Frain,73,87784
Broddy Halshaw,56,4563
Esmaria Scogin,56,81113
Natividad Hornung,87,92880
Devinne St. Leger,80,20217
Hubert Beacock,91,83814
Mayor Peacop,18,41904
Elna Lanchbury,55,17131
Dre Deniskevich,65,8662
Anabella Oakly,6,68223
Dyanna Truett,40,68631
Pooh Cossem,84,69344
Wilburt Tinton,25,85291
Olenolin Ceely,85,97604
Michal McEniry,28,91060
Jacquetta Block,48,24883
Henderson Gallienne,52,57502
Meagan Poker,50,78406
Dianemarie Pelerin,80,65239
Auberon Doust,10,49843
Paten Crabtree,80,30522
Leshia Wales,95,44061
Reuben Hardiman,18,91061
Adam Ecclestone,92,86923
Elijah Ilewicz,27,71266
Jacquie Crommett,14,17686
Brantley Bigly,87,88252
Bernete Knibb,77,75413
Archambault Candie,82,54649
Jud Wickenden,43,44534
Poppy Borleace,15,46766
Weider Cawood,49,28418
Phelia Quernel,94,44182
Jennine Obray,19,49574
Boycie Keirle,72,21661
Dewie Habbert,8,27586
Imogen Samber,91,96679
Adrianne Huxley,61,8090
Grata Ludmann,76,71753
Kerri Lindenfeld,66,4843
Alidia Vivien,95,39196
Angelica McElrath,69,87731
Alie Hannaway,63,25550
Tamiko Mc Caghan,49,92049
Bathsheba Addeycott,16,24543
Jase Smowton,79,55885
Nancie Jobin,45,77671
Henryetta Abramcik,38,11655
Yvon Biskupiak,3,8295
Simonette Soldner,87,97857
Guillermo Trusslove,24,62959
Ulysses Staniland,41,84255
Robbyn Burgwyn,31,15271
Konstantin Moffatt,21,44628
Berkeley Schreiner,74,61605
Bekki D'Ambrogio,94,75173
Dorolice Rowaszkiewicz,36,19341
Homere Schultz,79,39204
Fee Whebell,33,21052
Tildy Haysey,29,67829
Charisse Geater,14,46051
Herminia Wakes,73,14202
Rodrick Helstrom,88,72690
Meggi MacAirt,80,40000
Verina Bugler,81,49593
Courtenay Ourtic,4,83139
Hermine Messer,74,18042
Tamarra Kelby,41,66999
Roze Anscott,86,76435
Urbain Limb,97,70914
Ricca Sibyllina,36,50360
Karel Tuison,65,86763
Elfrieda Truin,19,89701
Jesse McSwan,38,91073
Levy Lamb-shine,13,34678
Misti Coppenhall,10,42164
Janet Kindread,70,55798
Daphne Shelmardine,69,53138
Gaston Ambrosch,96,73965
Jessalin Marson,93,10572
Alameda Burnel,92,11684
Jenda Terbeek,57,19161
Dorri Bilverstone,31,23951
Corrina Lowdham,1,23648
Faunie Robson,93,61787
Thorsten Costall,55,58150
Vilhelmina Lewnden,47,46370
Joelle Lippett,54,49921
Daisie Kalvin,1,11425
Hailee Gadault,85,43214
Gerda Bierling,45,36171
Olivette Counihan,53,19662
Sarajane Jerman,65,63016
Latrena Kermit,13,26152
Modesty Lujan,78,6857
Nelie Licciardiello,88,33034
Lorie Kenchington,46,6680
Fianna Vakhonin,18,37465
Lynette Oliveti,22,27571
Clare Taberer,61,75219
Loralyn Grimolbie,12,94687
Mabelle Ballston,85,41854
Bing Itscowicz,15,43445
Lek Stonman,22,64719
Tessi Case,95,87706
Blake Grant,35,43436
Ashley Head,31,43054
Reta Stonuary,78,55710
Mariska Blampy,78,15571
Ahmed Weeke,36,36698
Juanita Ewers,50,37279
Chiquita Wynch,60,1789
Janeen Fernez,50,83299
Randie Fishburn,64,61322
Jephthah Scotts,30,90254
Kimberlee Finlay,24,62049
Georges MacCawley,44,92350
Sile Hazelton,59,20623
Kahlil Gluyas,42,78248
Mathias Geaney,75,71767
Taddeusz Gyngyll,9,98207
Guillermo Laphorn,44,92140
Caspar Saiz,87,2373
Bronny Fleeming,41,50243
Lillian Drydale,72,36091
Simone Iseton,45,39992
Brittne Dummett,100,46249
Brook Scorthorne,42,70954
Raina Jacqueminot,20,73887
Shamus Kirkpatrick,30,98563
Evyn Corteis,3,29737
Gayla Tough,71,73295
Billie Eymor,100,56938
Elsworth Hewes,82,29473
Normie Gylle,60,66587
Florinda Tyer,74,45278
Karee Grave,94,77760
Hedy Beston,42,2829
Heinrick Ubsdall,53,38396
Artur Moquin,94,5818
Meyer Stimpson,48,75700
Irene Simion,85,10685
Nola Nevinson,26,98588
Rouvin Cherrett,72,40257
Orelle Tompkiss,6,79554
Dione Cowdray,19,18365
Sheffy Maskew,43,47222
Agata Coil,45,51802
Katina Bann,64,11881
Ransell Jersch,54,36708
Evangelin Haslock(e),67,32099
Debor Trevaskus,75,22989
Rosamund Moynham,34,30758
Neddy Arnley,1,14819
Doralin de Quincey,73,96365
Curran Norcock,61,50163
Archie Lorraway,3,24639
Zach Robjohns,73,52645
Elbert Scamel,40,69612
Rivkah Mangam,27,21119
Alexandre Chrestien,58,19218
Joane Sinnat,26,53136
Livvyy Rozsa,56,47947
Welbie Garnul,26,23752
Denna Bend,23,83363
Carma Dulen,40,17044
Reggis Bexon,46,26756
Wandie Gerretsen,4,70590
Jamima Short,78,76946
Joellen Haysman,53,74469
Cully Burnard,36,80119
Lennie Cheesworth,95,87779
Lennard Rainon,37,84012
Ingaborg Staniford,55,13721
Miquela Wakenshaw,5,93347
Albie Wilkenson,63,98504
Randell Hatton,82,54831
Lemuel Pruce,90,37941
Fonz Jackett,65,58160
Lynna Mongenot,77,60874
Callida Greedyer,78,30406
Teena Hardern,58,2083
Mycah Jakubiak,19,39268
Alyce Dugget,82,81301
Renie McDavitt,76,22951
Pieter Mueller,41,12830
Yves Swales,96,65586
Barbara-anne Souter,56,1306
Lusa Garnsey,16,36355
Farrel Tomanek,77,53358
Bernardina Blasiak,34,56835
Raffaello Scoone,78,27309
Nye Stenet,39,69781
Luciana Manuaud,39,61216
Christel Ownsworth,52,17847
Gladi Limerick,67,57003
Kaine Blazdell,60,78889
Kyla Gyppes,93,87881
Johnathon Ferrarin,55,66445
Willey Frowen,9,49585
Ramonda Margrie,69,13644
Elsworth Scholer,60,61198
Masha Tatton,36,30580
Ivonne Pigford,12,41618
Prisca Bourthoumieux,35,16147
Kimbell Liley,90,98079
Guillema House,92,59003
Tadeo Whoolehan,37,93239
Dollie Brickhill,86,6379
Lenka Tudge,99,5255
Addia Hulburd,83,81021
Petronilla Poe,7,73791
Lissa Queree,38,17375
Chrissie Haslehurst,12,92553
Tarah Fernandez,50,88739
Emerson Fominov,90,45592
Annora Rickert,17,88831
Rozanna Farrer,12,6929
Lucine Gillooly,17,90060
Honey Shaxby,7,97619
Juline Breslau,8,37759
Jacquetta Magwood,87,94988
Husain McLoughlin,99,48685
Reinald Freckleton,69,54522
Roscoe Rehme,59,28890
Joelly Dark,14,24575
Tuck Tuson,50,15732
Hendrik Ick,49,65075
Timmie Novotni,57,77918
Coriss Hampson,99,31220
Amanda Quigley,37,44484
Patsy Jablonski,76,20730
Delinda Wicks,17,12284
Eva Ashbe,30,11416
Thornton MacDonell,28,87606
Emyle Haswell,91,74302
Johnny Boorer,76,9495
Pennie Lownsbrough,89,5312
Jill Shoulders,28,22653
Torin Escalante,77,49302
Trefor Ricold,32,91344
Kathie Bartoletti,57,42721
Skyler Strong,42,22067
Sandor Gann,3,80624
Anne-corinne Boylund,72,75321
Tabb Mooreed,33,64228
Constantino Pignon,56,80308
Edin Hakes,81,52381
Loren Loveridge,93,44281
Lacee Servant,64,36761
Elnar Wyant,87,9449
Sarita Marusic,58,71184
Torrin Spurdle,30,66716
Emlen Jelfs,80,46833
Pennie Glover,62,74981
Opal Loisi,10,23247
Zuzana Dagger,73,72919
Ainsley Rosoni,98,64115
Tommy Menure,30,9238
Rivy Parken,27,80289
Ingar Pattrick,71,72576
Phillipp Ionnidis,20,11478
Donal Ickovits,45,23728
Moira McCarle,28,49207
Andra Scholes,78,50232
Vivyan Gillean,43,54310
Petronella Eales,20,74409
Granthem Prout,24,25909
Brion Main,88,4697
Noach Loftie,29,50899
Mira Leehane,44,96794
Dominic Sperrett,84,58992
Nate Lias,55,4619
Prissie Jeavons,2,15329
Byran Terzi,17,6055
Alasteir Boissieux,74,40028
Elaine Peatheyjohns,74,88520
Hubert Whereat,75,39404
Marrilee Swatman,98,82110
Millicent Proudlock,11,4555
Tamas Mynott,95,86775
Sauveur Dorton,54,28125
Karim Oliphard,61,42250
Rex Ioselev,59,10922
Iggy Hefferon,59,98376
Gill Pettit,59,35296
Roddy Hoffman,44,85027
Gardy Westwick,56,61637
Briney Matten,33,50248
Kelbee Rickardes,61,1687
Pris Jordin,61,34800
Porty Triggle,48,57734
Almira Dutch,91,39483
Carver Spadazzi,37,56351
Wanids Austwick,9,80375
Gris Santino,90,51527
Wilmar Johnston,69,17721
Falkner Kienlein,19,32684
Francisca Kiloh,99,1561
Ilyse Dirr,56,57405
Alleen Stookes,6,26553
Feodora Maleby,3,83638
Raimundo Leer,46,35210
Bette-ann Betty,52,56380
Concettina Bachshell,18,71197
Ingemar Imore,55,64311
Robby Axelby,84,28654
Alix Leachman,50,72652
Salli Bremmell,88,14101
Jarvis Vasyutochkin,64,27810
Adela Pavkovic,32,70513
Alma Tipling,21,37840
Rubina Philpotts,100,94462
Lela Barwick,58,90250
Janella Rampley,73,16504
Corney Masserel,54,94188
Tanney Petkovic,7,77930
Bern Raittie,78,11080
Cassaundra Pounsett,52,68367
Helene Roland,2,29321
Jose Corragan,37,69035
Freemon Ubsdall,85,29952
Henrie Boundy,19,48904
Jone Bolver,97,40605
Mirelle Strelitzer,8,19522
Micki Korb,80,87257
Waldon Lamlin,79,23320
Clyve Hamsher,68,32457
Filmore Moutray Read,83,74823
Mathe Hellewell,97,28025
Shannah Kybert,82,12694
Sauncho McIlhagga,63,91909
Pembroke Toten,89,91919
Mariska Goodlett,76,19410
Ana Baurerich,95,97472
Sunny Dyment,96,63084
Anabelle Collar,71,87137
Florette Morfett,66,79056
Kimmy Dudson,74,27049
Andreana Chaize,51,93227
Gib Matts,22,56059
Shae Slavin,42,29986
Cullie Barnewall,57,85785
Dorice Castelain,17,18856
Ailbert Pellamont,42,73295
Hamilton Cristofolini,62,49259
Farr Cosans,65,18003
Auberon Garci,94,60611
Gene Cardow,11,89594
Nance Graveney,10,33391
Alyosha Signorelli,58,89633
Wilie Goodinge,75,55186
Lauraine Saph,96,14926
Dannie Poxon,28,98204
Vachel Boniface,84,29772
Cherey Tuxell,16,1995
Tiffy Sheward,91,29984
Lynsey Mosby,90,38016
Vivia Raise,57,37071
Ardenia Hartlebury,77,94402
Curry Eamer,27,28166
Robenia MacCosty,18,2797
Tedman Hawkin,15,36936
Alexandrina Harcourt,56,34054
Georgine Stanyforth,4,70187
Jesse Rapps,12,25544
Avie Lambole,93,84424
Geordie Bonicelli,98,71111
Tobit Turpie,98,11782
Avictor Camble,94,17321
Denise Loveland,90,60208
Kittie Nare,15,34315
Lucius Tolliday,36,20754
Joceline Foxley,73,48276
Ty Plowell,62,59972
Aubine Cellone,50,9756
Peter Tempest,48,33019
Vanny Lapree,93,83837
Carmelle Jasik,20,13304
Jackqueline Cope,61,77839
Lynette Paulus,79,92086
Petronille Plane,20,17502
Aldus Hachard,68,62734
Carlin Covotto,93,67647
Linn Bamb,66,61894
Matteo Betjeman,5,13385
Luci Walkden,100,83379
Grange Bruckman,6,74931
Konstantin Bantham,45,1750
Ashely Peret,76,73693
Hannah Nuscha,82,62973
Vidovik Pawle,86,59796
Avivah Rainey,35,85242
Kacy Hurlin,15,77044
Jemie Chadburn,37,37910
Alvis Durnall,94,81069
Loise Bremond,37,4624
Chrisse Cregan,91,48621
Poppy Querrard,24,89836
Quill Hardisty,83,88979
Heddi Kielty,35,41708
Ranice Hanwell,31,65704
Rooney Greydon,64,13753
Godart McGready,77,94562
Adelaide Lawrance,39,2266
Almire Malcher,58,16293
Chelsie Billyeald,90,34086
Bennie Thewys,71,49316
Florella Biasini,36,40996
Gennifer Cammish,94,18263
Margette Hadden,51,24181
Sonya Fishly,92,2623
Fredericka Teulier,67,72443
Jacquenetta Trotman,41,80853
Deborah Hardwich,42,29286
Anny Witt,17,56437
Jaquenetta Scholcroft,26,41961
Yehudit Jecock,66,24009
Ferdinanda Culley,87,41080
Willem Rolfi,47,46197
Bernadene Vaggs,48,94222
Ava Gianelli,16,92646
Cheryl Ivett,20,66921
Reade Rao,55,89486
Hanson MacPake,81,80164
Carson Verne,87,30828
Guillaume Scutcheon,56,21308
Meier Baldini,96,93173
Godwin Czaja,56,26807
Andrea Thornewell,45,24929
Cesare Jovasevic,45,76104
Vincent Tilzey,58,98526
Edithe Pasterfield,17,54753
Simonne Mapstone,68,9131
Carlene Gasker,37,36669
Cooper Coll,38,39394
Leeland Aloshechkin,29,71342
Maude Schrader,37,84135
Christye Corbally,68,9767
Alysia Creak,57,90450
Beverie Dobrowlski,26,40426
Rochell Yankin,31,92629
Alyssa Ygou,25,13457
Wadsworth Odegaard,16,82253
Farah Scoterbosh,41,38371
Joyce Down,31,55705
Leanor Wardhough,21,63807
Thayne Jikovsky,83,48729
Alvina Pepperell,34,4091
Aylmer Duiguid,92,30298
Raeann Britzius,20,47429
Reiko Corradengo,57,51880
Lombard Meadway,64,36356
Hasheem Kilgrew,73,98836
Gwenora Lyburn,47,45423
Manuel Goundrill,60,74972
Elvin Kneeland,32,23711
Britteny O'Toole,100,27559
Amelina Dulwich,28,75438
Belle Timmes,94,86904
Michelina Junkin,82,13746
Rozele Yakuntsov,47,30381
Hakim Roussell,50,47511
Margie Anespie,52,24770
Lonee Slesser,92,35672
Tybalt Pumphrey,56,77824
Salvidor Augustine,89,97789
Gratiana Dive,14,42704
Lorraine Haborn,25,65439
Wainwright Petteford,30,26361
Grantley Arons,90,41907
Hadria Chaffe,38,16445
Ella Gapper,45,2524
Ellis Smurfitt,51,64355
Maryjo Widd,75,66430
Percy Simeons,55,39639
Natalie Reynold,89,90938
Eb Fisby,56,65579
Kenneth Marwick,17,15817
